4.888452274,2.286429233,0.467178785,4.977230015,2.305561504,-0.511394133,9.431085295,5.066534076,-0.668890117,8.142169834,4.880809277,0.642213311
5.052177271,2.161314496,-0.597361843,5.083856178,2.336915259,-0.628668149,9.572056387,4.863726999,-0.561766849,8.575420083,4.475338014,0.210575394
4.523592178,1.778384176,-0.785964583,4.515382543,1.882310318,-0.778836721,8.289212189,4.265627358,-0.624503883,7.372046569,4.126308763,0.571097209
4.642821655,1.730129996,0.722590587,4.766816362,2.17315583,-0.433759802,8.857023011,4.187756118,-0.840826134,7.863475485,3.827369489,-0.50708345
4.231193985,1.556273392,0.694895953,4.288484524,1.990591828,0.735362425,7.88661305,3.675762376,-0.817277786,7.164371804,3.477018718,-0.588710515
3.650004105,1.20929337,0.677063062,3.879048912,1.55352107,-0.71508965,6.830282912,2.957302019,-0.831005364,5.742542454,2.689235105,0.606616901
4.489011528,1.843961211,0.454936514,4.552819618,1.824193981,-0.59116856,8.999459956,4.3189035,-0.700761036,7.739150964,4.036833215,0.200421174
4.103710273,1.709895452,0.174961015,4.245469989,1.791021168,-0.742134721,7.877456984,3.621601538,-0.874698917,7.109992596,2.909049425,-0.608092929
4.194318046,1.811320885,0.262656993,4.203138817,1.974303242,0.588864776,8.153028991,3.726767887,-0.859483151,7.767901945,3.177858456,-0.79829018
4.781738652,2.231602601,-0.466300732,4.777786505,2.351684647,-0.429087023,8.833137148,4.817016682,0.218460009,8.719583105,4.615387474,-0.451789791
3.999143424,1.14150462,0.320064928,4.134909549,1.646433946,-0.632225892,6.918921804,2.977898233,-0.896293453,6.571609639,2.920805678,-0.720467858
4.808724965,2.227765696,0.648678843,4.843232431,2.442511963,0.406393413,9.296017511,4.880332739,-0.450115685,8.969931462,4.806204109,0.334938738
3.498383705,1.148692508,0.539957391,3.736605704,1.406711399,-0.85873335,6.108345476,2.76468855,-0.691761228,6.091592892,2.322784514,-0.782361957
4.647281764,2.015948084,-0.479162494,4.648708617,2.020921964,-0.510622063,8.680095148,4.463855518,-0.662418335,8.473907186,4.077092686,-0.602018033
5.024728679,2.464565757,0.591784502,5.196634527,2.437155873,-0.345452129,10.07725006,5.102104407,-0.639242471,9.409850402,5.103122669,0.348269589
4.109723631,1.336409338,0.683601113,4.253952123,1.686571804,-0.703047299,7.754904886,3.262147582,-0.871765089,6.107755872,2.869991349,0.581695571
3.703821639,1.0335112,-0.286375168,3.916720912,1.308048611,-0.848328041,6.46941507,2.793157176,-0.771237809,5.761226428,2.508608559,-0.607763658
4.492405698,1.928369019,0.272156836,4.575425823,2.077151907,0.259750741,8.303775609,3.675297954,-0.892893963,7.982514586,3.689857999,-0.747337402
3.761974031,1.417280543,0.43586601,3.868352718,1.692497708,-0.486256411,7.191979505,3.134391538,-0.765028592,6.654093586,2.849220049,-0.642477483
4.415464643,2.034333137,0.599595067,4.418601234,2.12443677,0.476785435,8.896570586,4.26533489,0.205151225,8.236010676,4.203071942,-0.572430082
4.888626423,1.903179065,0.75893266,5.083866649,2.334391705,-0.618790522,9.301701263,4.610530089,-0.759253519,8.24621644,4.419343566,0.653539863
4.271628367,1.690848484,-0.662252123,4.318819192,1.644547995,-0.773100151,7.928527939,3.406724097,-0.632712014,7.832585216,3.439882655,-0.758559207
4.385656659,1.401235573,-0.433430637,4.477222611,1.934863623,0.336907291,8.074535518,3.473748713,-0.857316289,6.214595888,2.924757521,-0.541810124
4.677966991,1.760254971,0.246563562,4.819866225,2.091833303,-0.409065439,8.990194117,3.675419826,-0.888353008,7.786343983,3.952403913,-0.613588884
4.279554685,1.925849379,0.334188208,4.379603546,2.024752589,0.415515355,8.409514918,3.933060338,-0.535836169,7.605460782,4.033760326,-0.489430154
3.976647424,1.091687033,-0.399875566,4.042450185,1.476559042,-0.784761215,6.793543877,2.602580578,-0.928557232,5.522339914,2.215141717,-0.751970157
4.207403871,1.795325147,-0.411336138,4.336661781,1.865967779,-0.645927525,7.922746607,3.926581843,-0.70436071,6.954018501,3.485176482,0.322649412
4.493015221,2.021851339,0.443192203,4.487170622,2.040406393,0.449105126,8.562130985,4.30227507,-0.642727385,8.245214567,4.289062297,0.51837907
4.731783312,2.357261555,0.768799199,4.814420568,2.487571802,0.809558759,9.937618642,4.810909245,-0.748584104,8.49954214,4.692573171,0.710429654
4.041621286,1.349384505,-0.491617437,4.032613262,1.487242037,-0.634968467,7.31975222,3.375890252,-0.763818685,6.184823518,2.897317441,0.609965989
4.994639525,2.280586859,-0.257054182,5.040450569,2.301598816,-0.500743009,9.471851703,4.711187585,-0.715170114,8.295822554,4.788159223,0.555311262
4.921066542,2.160449182,0.535422872,4.947031726,2.354458914,0.337035949,9.631083291,4.719496816,-0.792467338,7.632213867,4.261419331,0.770969864
3.771986786,1.093642741,-0.425282606,3.807168735,1.359500367,-0.789679586,6.584233395,2.681209875,-0.823822503,6.545734516,2.586449107,-0.89352708
4.533142084,2.062791867,0.567264804,4.620213497,2.206015757,-0.178635462,8.786042401,4.262838867,-0.668120886,8.276064596,4.321981941,0.594100075
5.059203569,2.37903994,0.551290108,5.079408168,2.433445339,0.511691134,10.16229588,4.972369885,-0.688374765,9.050644512,4.710756679,0.543367072
4.443252814,1.952820663,-0.306109118,4.498701036,1.960516297,-0.515663084,8.933470839,4.168139605,-0.686923483,7.773931408,4.059476439,0.629438447
4.247579462,1.431315751,-0.824046986,4.229817716,1.529365409,-0.842015738,7.391975145,3.278590727,-0.815401532,6.737124825,3.178240737,0.147694573
4.161206288,1.382604148,-0.712976761,4.255666271,1.735783158,-0.513880331,7.000387864,3.243835508,-0.756373794,6.643378867,3.200964857,-0.44062393
4.95350464,2.390430825,0.579835999,4.956558417,2.424354374,0.602768915,9.724453476,5.107485213,-0.642406692,8.695620756,5.058900813,0.627871011
4.337134684,1.684806913,0.712814345,4.460575608,1.673218381,-0.280460281,9.19661282,4.00229959,-0.872417508,6.275095187,3.478655833,0.770930123
5.211374051,2.482773985,0.574388953,5.374714269,2.610019616,0.658407188,9.821793162,5.306637799,0.161662998,9.474573191,5.30868187,0.296255387
5.206641945,2.637387934,0.554815367,5.229964555,2.661841649,0.365824945,10.82931179,5.617025876,-0.619817707,9.75510959,5.410388398,0.58000182
3.750587736,1.007688846,0.586561525,4.053948561,1.597039935,-0.840553392,6.510756003,2.457750984,-0.88796967,6.318325092,2.750323677,-0.786033909
3.761525351,1.195476734,0.543868404,3.969494918,1.350004433,-0.825508285,6.373611692,2.856810705,-0.732539381,6.236842377,2.98431331,-0.533250408
3.769770828,1.368753669,0.849465058,3.941102777,1.478127579,-0.730103305,7.431789946,3.321486097,-0.822035969,6.397531331,3.141942664,0.7039227
3.260994197,0.848216631,0.736220789,3.654214557,1.431236281,-0.615536036,5.863911867,2.130268987,-0.864460777,5.687405466,2.089383308,-0.890296709
6.119930324,3.099575441,0.39574482,6.205598025,3.052887159,-0.433476276,12.45122102,6.642022185,-0.5635992,10.56990957,6.417982202,0.515558439
4.006066126,1.419279275,-0.172855474,4.031206093,1.56057452,0.691723874,8.037698301,3.471708165,-0.885939498,6.185326116,3.093193309,0.615291745
5.002622872,2.412134977,0.308479952,5.043792059,2.418534398,0.44404276,9.685345596,5.206803161,-0.367066086,9.024652375,4.962123533,-0.326522083
4.011350939,1.816800316,0.60503477,4.135330388,1.929944082,0.3520177,7.997097138,3.625059436,-0.737330028,7.787545072,3.549014343,-0.511349644
4.235302186,1.827084361,0.52531394,4.416101185,1.784246697,-0.563649923,7.736811356,3.924260283,-0.572267499,7.584761071,3.845858429,-0.523897194
5.250495404,2.626665254,0.40556257,5.392927162,2.662823558,0.374706828,10.17716867,5.503043499,-0.300331875,9.329225608,5.453437234,0.444527991
5.130767485,2.242694876,-0.476616503,5.176052733,2.384756564,-0.535960659,8.983157196,4.957505283,-0.508941151,8.680540194,4.830113642,-0.33076155
3.988651834,1.124686909,-0.683141861,4.083150454,1.475447846,-0.857297286,6.861639262,2.588791453,-0.927960422,6.059288572,2.767174197,-0.68494723
4.698181477,2.128797499,0.6168159,4.739536954,2.30624754,0.445504117,9.096613355,4.586820324,-0.69566623,8.457314268,4.198444493,0.392823912
5.308428806,2.404523114,0.517670802,5.352744356,2.449778882,-0.451896552,10.06057528,5.398871459,-0.682154172,9.624836076,5.297226052,0.505684586
3.787221377,1.268827418,-0.55141834,3.892478904,1.600929656,-0.713593954,6.655931968,2.819888136,-0.748403803,6.413071756,3.09560047,-0.684784057
4.23868462,1.623910178,0.460751843,4.362399852,1.736755956,-0.769838684,8.114643275,3.442924648,-0.926532743,6.796063875,3.313288522,-0.63871179
4.34134255,1.701384656,-0.566185275,4.431276935,1.799935436,-0.747579001,8.010058111,3.470235053,-0.871955927,7.471356977,3.61292152,-0.777520595
4.135080141,1.813518586,0.510995372,4.173774378,1.903787709,0.403112459,8.304996399,3.720540244,-0.692663429,7.805966846,3.744549292,0.402467527
3.980109575,1.454381254,-0.393593646,4.0506176,1.715391578,-0.453776786,7.546341941,3.065887495,-0.987955048,6.599368156,3.086497363,-0.758642311
4.315698869,1.835935875,-0.293150435,4.353528739,2.0178269,-0.442447515,8.477557096,3.645785158,-0.817114841,7.880664286,3.439351894,-0.77888838
3.768139938,1.440923581,0.508303904,3.97852664,1.572724776,-0.84732426,7.226462042,3.317980248,-0.748584968,5.895655732,2.784240783,0.585692366
4.510389856,1.818252854,0.704985695,4.757216763,1.946595724,0.291490217,8.34837526,4.18873932,-0.710327312,8.135967606,4.094911252,-0.353455181
4.425074793,1.463064656,-0.527417754,4.492773781,1.546959929,-0.936763481,8.03446795,3.64804213,-0.870911621,7.354667184,3.404191604,-0.831580796
4.654489197,1.695611509,-0.525387561,4.702505862,2.072467018,-0.709020629,7.88407822,4.098305012,-0.41012967,7.43992141,4.205297727,-0.450797883
3.787776533,1.324119147,0.736258707,3.956083487,1.749184613,-0.47511227,7.231177111,3.182453279,-0.798669999,6.584455276,2.870629766,-0.537539138
4.511304707,1.917308275,-0.30904808,4.5589924,2.146275315,-0.375022699,8.343889584,4.31393668,-0.432063246,7.756820398,4.382131233,0.441785016
3.573306017,1.261732099,-0.407705623,3.642132315,1.310034166,-0.839465554,6.638326735,2.719828161,-0.904243729,6.077341548,2.590132969,-0.70342865
4.464988402,1.904061485,0.283636754,4.593335647,2.177284251,-0.575646532,8.078545869,4.217838463,0.212396441,8.077080753,4.216760272,-0.466303428
4.333275172,1.563484965,0.911235009,4.693217984,1.946208049,-0.723357152,8.971124562,3.699090642,-0.836726393,7.548152006,3.490482268,-0.514438312
4.106913564,1.335660162,-0.625101799,4.193074062,1.710586756,-0.518688251,7.211926053,3.067490098,-0.769453069,6.151382201,2.872562014,-0.511598371
4.223319144,1.472351766,0.521460758,4.373875444,1.558523422,-0.703315456,8.497057987,3.330955904,-0.923198809,6.304525384,3.043495217,0.491201192
4.080851782,1.405489004,0.808607961,4.248957822,1.877762742,0.755745895,7.889953296,3.494562307,-0.77737934,6.197069173,3.103205624,0.667468664
3.713571133,1.428330881,0.674747013,3.939102452,1.546445226,-0.565215844,7.842076039,2.996526602,-0.928378672,5.80357535,2.71218114,0.62691286
3.861975139,1.528985941,0.198463458,3.994864518,1.741610139,-0.438677969,7.263970156,3.288293201,-0.371393268,7.132714683,3.12589487,-0.740618308
3.981315855,1.816286292,0.70232265,4.10883299,1.776603652,-0.328642368,7.781590078,3.777204938,-0.665400013,7.834018729,3.374588424,-0.630794386
3.625436457,1.453679194,0.635163937,3.822858025,1.566698037,-0.560185097,6.822718807,3.225497315,-0.674750943,6.501216053,3.0548909,-0.559595766
4.929694509,2.284668147,0.419936306,4.981017092,2.332750587,-0.507764519,9.538251417,4.943811743,-0.664669603,8.526411682,4.910539954,0.645999218
5.255255357,2.561508849,0.541178843,5.400487224,2.651496285,0.339172037,10.35593129,5.386968568,-0.473567231,10.27060227,5.356602224,-0.415423515
5.280204804,2.564528873,0.414927458,5.322207434,2.58332771,0.331276099,10.41612948,5.35854371,-0.544231022,10.01588154,5.415379756,-0.395347546
3.555029127,0.908365545,0.306920039,3.864480649,1.43859231,-0.746003743,6.200848304,2.414698103,-0.922659824,5.346164731,2.354055497,-0.700750171
3.287565853,0.767153309,-0.400872089,3.503877945,1.087610918,-0.881670427,5.342879032,2.150870522,-0.83957761,5.255723163,2.072663567,-0.856671462
4.30502884,1.843338311,0.32773923,4.309514336,1.98416639,0.417122528,8.318543931,3.665190784,-0.886198672,6.694057576,3.221011869,0.749609676
3.807735213,1.160658545,0.573734983,4.048541089,1.610202141,-0.247950389,6.891704844,2.759584418,-0.83538975,6.093527822,2.819332816,-0.5525365
4.150518304,1.866232602,0.564924353,4.215952853,1.902792453,0.531076114,8.745270703,3.604055027,-0.931556476,6.64153189,3.225246138,0.301138866
4.461292919,1.959602419,0.44067147,4.487875729,2.118148209,-0.387833681,8.336665141,3.977728002,-0.751921243,8.104164768,3.630070008,-0.78328794
4.619983583,1.807817768,-0.760830388,4.611694839,1.911612306,-0.788157773,8.447489503,4.307547248,-0.687141014,6.198303938,3.754035117,0.706986942
3.791869413,1.491312284,0.612939484,3.996375328,1.46734228,-0.746787683,7.300149257,3.259013467,-0.726152538,7.046420205,3.295669117,-0.800335722
5.031450611,2.390915042,0.41272268,5.04763446,2.416753975,-0.366981887,9.606536735,5.262939625,-0.619726853,8.60900951,5.103253786,0.578621865
5.260383059,2.440787666,0.515495715,5.390955229,2.52894615,-0.48054047,9.803264072,5.441211469,-0.604537228,9.737431538,5.111615342,0.032684179
4.249133822,1.668886076,0.894473369,4.262638556,1.797469806,0.838751991,9.297126398,3.682666884,-0.966346296,6.401673294,3.031672058,0.68900788
3.572392651,0.848668011,-0.370581325,3.945730443,1.242190056,-1.041617174,5.942368159,2.183580843,-0.918138282,5.409610799,2.496405509,-0.586754102
3.563514226,1.025907472,0.64649555,3.821443494,1.469253191,-0.690536418,6.541405296,2.741376351,-0.918906253,5.135783913,2.474163977,-0.467165023
3.765931917,1.46025241,0.635833483,3.893902344,1.539821284,-0.459731726,7.021085945,3.106213108,-0.529439541,6.897558943,3.296439342,-0.679482986
3.69016582,1.229811408,0.937032155,3.85844994,1.517256562,0.749461231,7.828481548,3.064832036,-0.967398398,6.201068589,2.813743208,0.154842239
6.228086077,3.184043792,-0.390532407,6.238133124,3.216462952,-0.508933066,11.64063941,6.743814232,0.360154713,11.53339918,6.797802624,-0.35440771
4.138605645,1.767597792,0.634155067,4.311928366,1.801857865,-0.618052396,8.470281287,4.008935578,-0.730410152,7.183450111,3.686698038,-0.411585907
3.99462465,1.574112895,-0.233578316,4.051850642,1.626690306,-0.685429648,7.858436717,3.244288524,-0.821784944,7.17677532,3.416567645,-0.631930879
5.055348885,2.113599058,-0.570462856,5.073618182,2.321560157,-0.440157983,9.552180867,4.970648112,-0.584187873,8.332064803,4.928603232,0.458197933
4.475242421,2.126591061,0.566801668,4.465268103,2.21281108,0.549043584,9.487515542,4.617222901,-0.696349158,7.535036877,4.458639756,0.662119134
4.351902053,1.810406543,0.482981514,4.485195376,2.030412748,-0.31963556,8.244538763,3.752707414,-0.64219162,8.121736265,3.850766227,-0.72461752
4.857651321,2.044218135,0.701091959,4.986434842,2.326118078,-0.519899164,9.529848204,4.599058393,-0.823152259,7.950622609,4.341983242,0.5219934
3.558213893,1.364826479,0.264944815,3.567932193,1.449098814,-0.325969934,6.858825624,2.864597429,-0.754714678,6.108787811,2.755806488,-0.532130916
4.647025378,1.910700161,0.618232231,4.701797525,2.123336566,-0.418989181,8.893195558,4.417570824,-0.721962629,7.871902232,4.204424022,0.353390278
4.413676285,2.031711796,0.727097086,4.422300736,2.230054596,0.805017372,9.64940957,4.242255625,-0.881055,8.415347014,3.719879953,-0.615239563
4.322530123,1.928211675,0.518111496,4.368100587,2.071945947,0.460889841,8.458862648,4.058547038,-0.753450331,8.263911873,3.872432164,-0.205155657
5.079508524,2.319732583,0.831204038,5.20098886,2.549836552,0.713937416,10.724882,5.076948993,-0.887677279,7.238447704,4.570427864,0.874007847
4.686216052,2.18283004,0.680519386,4.706944448,2.265308981,0.60720038,9.640110483,4.494596604,-0.836270892,8.622332906,4.072929975,0.294261305
4.271248845,1.394668013,0.771589673,4.490728146,1.854431529,-0.689742828,7.92034093,3.724022726,-0.830142366,7.176526437,3.304451266,-0.552673314
4.628914061,1.825059705,0.672961791,4.698063364,1.982417666,-0.3492131,8.731801813,4.352066381,-0.729409284,8.368489379,4.359068325,-0.318072768
3.561221175,1.35230114,0.228811849,3.566692455,1.462866334,0.236825119,6.831048127,2.864669161,-0.728572149,6.639419336,2.727005802,-0.599546077
3.526786314,1.245361898,-0.467339131,3.555030129,1.337091246,-0.572904622,6.608581269,2.60339666,-0.879140837,6.041934744,2.656243625,-0.746723759
3.982797954,1.830304737,0.653854248,4.057055342,1.818090812,0.506517682,7.984848834,3.727635007,-0.777054029,8.04659995,3.337622481,-0.508155556
3.647824872,1.212419668,0.819737025,3.787777284,1.598889551,-0.439923021,7.672386998,2.816393011,-1.046666364,5.414696252,2.281470303,-0.42062423
4.216907318,1.653913191,0.597159271,4.278362952,1.665578762,-0.747531176,8.285965041,3.728215375,-0.815023384,7.052312286,3.374930721,0.464905428
4.701536184,2.152994149,-0.452117001,4.687038275,2.277823436,-0.254223703,9.218936037,4.679664407,-0.518194226,8.074617029,4.667646626,0.443786696
3.883287216,1.626354876,0.691029428,4.018327752,1.752249799,-0.339782357,7.656965057,3.39932412,-0.408006693,7.369251296,3.534793619,-0.647039676
3.959143535,1.713943004,0.615979916,3.991184649,1.702478304,-0.389096238,8.033797836,3.60741195,-0.851305123,6.698832365,3.23793362,-0.339439775
3.861689322,1.646287613,0.709033025,3.942054165,1.712494816,0.254804399,7.669724475,3.414678736,-0.760843802,7.327268483,3.199503699,0.149683336
5.107626818,2.569469084,0.740376297,5.203683519,2.813578919,0.584160667,10.26606284,5.354658376,-0.683591626,8.799791367,5.34255811,0.673681478
3.691330413,1.140144122,0.776332137,3.995029805,1.404475605,-0.904625071,6.689317388,2.818039123,-0.569975481,6.609988829,2.907164386,-0.750923889
3.911892611,0.965562775,0.724701249,4.312752857,1.410332022,-0.962777862,6.893962897,2.934204046,-0.892564849,5.583880338,2.787964232,0.207505952
4.076738368,1.793885096,0.750837542,4.253045697,1.8860522,-0.451248998,8.044604269,3.887513356,-0.720522414,7.483697231,3.821546784,0.606373853
4.527225519,1.941640253,0.263630935,4.63155927,1.967274244,-0.620381131,8.914854957,3.960463231,-0.855778648,8.444380218,3.961742618,-0.698382659
4.412048826,2.009945218,0.554600884,4.413171943,2.108463241,0.411171289,8.5585267,4.068817468,0.276637017,8.22829533,4.181033983,-0.602681154
3.921358362,1.333201833,0.701646875,4.070346259,1.608528706,0.664557667,7.429615934,3.262403957,-0.924703224,5.392137456,2.694595392,0.713967587
4.853780795,2.158356372,-0.672794829,4.887408219,2.219846067,-0.644405956,8.633662246,4.752766615,-0.407421037,7.979428885,4.429688,0.436625412
3.868008728,1.075139935,0.302331445,3.995595131,1.522610486,-0.625581221,6.587935154,2.741812831,-0.840441076,6.436690058,2.591498255,-0.707192781
3.770499809,1.049416602,-0.82128175,3.787080773,1.343876991,-0.862498133,5.924340409,2.702547501,-0.743497094,5.880849875,2.348728985,-0.727735073
4.731617342,2.151150619,0.718794142,4.840930016,2.134591079,0.39254772,9.154724634,4.651460211,-0.562862112,9.011502708,4.524592818,-0.411818515
4.197411354,1.77481813,-0.562055067,4.319173807,1.85225135,-0.686348152,7.483941377,3.861204659,-0.620542005,7.450785542,3.418701668,-0.488817686
4.886867349,2.18916153,0.639146876,4.948193309,2.395342997,0.16414514,9.444507773,4.903409291,-0.647182295,8.52944147,4.797772072,0.530852004
4.388255335,1.572316449,0.474643346,4.45653564,1.838793294,-0.26046608,8.547648255,3.498527448,-0.835782763,7.377529345,3.728104693,-0.51673375
3.805770856,1.132911686,0.678457935,3.874427538,1.391481324,-0.777038624,7.448087603,2.941910788,-0.897306103,5.83147788,2.722305675,-0.382031398
3.968834148,0.994513346,0.705014692,4.233736125,1.617652979,-0.673509025,7.245329987,2.975276718,-0.858878149,6.316191929,2.934614197,-0.521754389
4.254499434,1.296721077,0.697119881,4.397266278,1.946736892,0.715077931,7.891034368,3.391226169,-0.942462608,6.829438202,2.998046662,-0.557035104
4.6538959,1.712176795,0.245073024,4.76032244,2.053590858,-0.359409593,8.879922948,3.906733694,-0.865135173,6.888663253,3.557990475,0.547367336
4.118472678,1.301829473,0.382484553,4.29448127,1.68212726,-0.647803544,7.16715269,2.856739649,-0.958782545,5.809637785,2.658158297,-0.131800961
4.683788313,1.600527697,-0.733585574,4.737355797,1.924469562,-0.84175246,7.709724563,4.129934328,0.381231588,7.677663677,4.176723893,-0.492851663
4.745499964,1.689722579,0.521374022,4.845485005,2.25985092,0.355797531,8.906516749,3.831890192,-0.904187063,7.657273187,3.96907128,-0.424877624
4.99480939,2.514476166,0.653140365,5.026394057,2.495518047,0.601657318,10.27286762,5.275923963,-0.504175621,9.877401499,5.169163111,0.301887844
3.667458743,1.212281469,0.686846086,3.895893615,1.725303451,0.665272435,6.904965336,2.937292224,-0.778215329,6.124210174,2.70840727,0.477959764
4.088294714,1.369894175,0.647311118,4.320892777,1.789335313,0.470576842,7.346960965,3.385319352,-0.787658979,6.783564373,3.11795385,-0.728562684
3.820977536,1.346380519,0.587527915,3.980712524,1.579203218,-0.691456988,7.391393258,2.999428451,-0.79712188,6.663159781,3.077754849,-0.669431096
4.232868686,1.190597856,0.712053394,4.449870482,2.063044045,-0.551543416,7.666789061,3.228924891,-0.890571287,5.699131007,2.685518024,-0.451181175
3.495744151,0.973216893,0.602129159,3.678647539,1.245750791,-1.026034363,6.216475871,2.654429477,-0.743048371,5.959047454,2.528623538,-0.745501272
4.065308459,1.388335142,0.668102348,4.305832355,1.660524439,-0.690661406,7.764353143,3.218634644,-0.776474311,7.196574,3.366967024,-0.706425984
3.910626047,0.969692249,0.6974101,4.159980229,1.518972459,-0.834318501,7.29987299,2.864238857,-0.868159226,5.459391777,2.682167466,-0.336157857
4.611503523,1.817890935,0.775815962,4.603844071,2.121478527,0.526641225,9.672352371,4.09566411,-0.867852226,7.97459305,3.958359378,-0.513603163
4.269355158,1.907148545,0.541370205,4.536697076,1.803997581,-0.654760541,7.841518772,4.026211923,-0.574995714,7.699617034,3.962392011,-0.479850667
5.713370481,2.472480779,-0.347710322,5.662714872,2.801901475,-0.566503014,10.4161067,5.520147942,-0.534527539,9.622435923,5.750364172,-0.194055474
4.999703206,2.461310978,0.623908435,5.026309208,2.6389424,0.486235407,10.22780781,5.128430254,-0.507408643,9.667074498,4.952598759,0.135075682
4.9543293,2.305515024,0.589198256,4.943795278,2.358941982,0.52339912,9.300141691,5.000112568,-0.324977754,9.259103229,4.989576895,-0.237344152
4.184215104,1.831287276,0.475659432,4.245269452,1.921142319,-0.574366011,7.754252136,4.131446148,-0.570862163,7.721846015,3.715423612,-0.353481619
4.221721557,1.881671374,0.37473554,4.357935857,1.897053119,-0.584168655,8.159494054,3.885359327,-0.65070321,7.836937134,3.920834005,0.300674932
4.978014056,2.215153309,-0.089667554,5.014258752,2.355027815,-0.603707014,9.261207554,5.042016339,-0.628376634,8.314284965,4.396562647,0.598939956
4.352335137,1.707505333,-0.551543937,4.435891429,1.804652999,-0.745716539,8.008242032,3.458702674,-0.880480489,7.536371139,3.447278659,-0.762244523
4.309261695,1.630716283,-0.591232537,4.39684744,1.781998589,-0.7317018,7.872723477,3.364338571,-0.88078221,7.689111891,3.360186634,-0.792766012
4.656601466,1.742591876,0.557301906,4.89687479,2.358890631,-0.433437695,8.280690196,4.045855085,-0.677932417,8.067419231,4.160294363,-0.710321877
4.201229666,1.293222215,-0.632427847,4.247934162,1.68402265,-0.694888478,7.237379149,3.107656945,-0.865374859,6.318799714,3.047617534,-0.700048766
4.188446678,1.457969864,-0.482487319,4.172904513,1.712575268,-0.525256809,7.842113399,3.221161453,-0.902036324,6.474825051,2.951860396,-0.683054379
4.869709835,2.230281439,0.266063369,4.915625303,2.264624194,-0.554057994,9.39129072,4.606496152,-0.73063791,8.084983755,4.649270313,0.672608941
5.061809328,2.190348941,0.535515682,5.152889829,2.418158507,-0.478719715,9.656236905,4.984392581,-0.739220316,8.417975951,4.888501011,0.620782868
4.860447279,1.755954111,0.572715352,4.95741538,1.8979126,-0.856851406,9.33024629,4.34531064,-0.893548036,6.849228474,3.812325917,0.810441326
5.129706496,2.135458859,0.775196126,5.102090016,2.491297628,0.777172951,10.61305742,4.876246593,-0.903874897,7.570018742,4.274459431,0.709431443
4.338775917,1.874709446,0.577875665,4.43420617,2.158281887,0.657944062,8.535369688,4.033970804,-0.557912454,7.953175618,3.989485466,-0.346440771
4.450676183,1.80405022,-0.278821039,4.444382514,1.987262097,0.318300054,8.383056659,3.677697937,-0.649540116,8.464551197,3.394136893,-0.880462155
4.45718705,1.902594326,0.482902968,4.527631742,2.057981784,0.457862291,8.438828331,3.798534937,-0.659573889,8.492202908,3.620452945,-0.712227213
4.206439697,1.818584958,0.689263808,4.277985231,2.09034843,0.726581523,8.581978338,3.786270777,-0.919181111,6.903258367,3.482786952,0.719506011
3.846950681,1.563991075,-0.382113312,3.897656894,1.641381897,-0.15294205,7.376728286,3.212203239,-0.672070356,6.98149947,3.068089109,-0.798210854
4.361273699,1.889727816,0.63958794,4.416947944,2.093165552,0.654891384,8.951532867,3.970940204,-0.82721988,6.906416387,3.755828047,0.644544557
3.694702502,1.424409244,0.573864904,3.926249019,1.646513376,-0.596356706,6.982570566,3.2572012,-0.786794045,6.240926779,2.998097849,0.62863785
4.831051549,2.314144512,0.537159418,4.837655718,2.422548819,0.415659972,9.565903042,5.047644919,-0.469759213,8.702495622,4.890699141,0.46217676
3.795789177,1.376684128,0.795195424,4.105043895,1.50959763,-0.834691445,7.239206337,3.235436879,-0.786376007,6.458451854,2.890841057,0.399202351
3.785842442,1.212912771,0.242315451,3.829263001,1.417730764,-0.796967025,6.560294622,3.063046008,-0.688876804,6.265049531,2.6768466,-0.491693217
4.051677151,1.524979803,0.79021295,4.213375325,1.687305985,-0.605290278,8.413443029,3.511922937,-0.918450557,6.236679158,3.038704358,0.726884458
3.639624639,1.082622496,0.841061898,3.90107169,1.472045315,-0.730074552,7.180102483,2.800531429,-0.915383187,5.759394278,2.513920134,-0.287635465
4.172269834,1.656599376,0.694438624,4.314935897,1.993294179,0.457719679,8.30091513,3.633810042,-0.896869639,6.692067056,3.16179103,0.722128582
4.051568971,1.484104338,-0.394377705,4.104704975,1.608020826,-0.792624045,7.314171895,3.292513094,-0.81692584,6.62764282,2.760438943,-0.67209141
4.210913046,1.576451742,0.44423935,4.241548585,1.872757333,0.219864874,7.576905265,3.57227969,-0.652444449,7.580414386,3.4223387,-0.720707738
4.138275014,1.687937141,0.731933854,4.317287262,2.046134423,0.389834485,8.241597864,3.408022072,-0.823801085,7.570731563,3.415612686,-0.642266924
3.833424927,1.510534853,0.563958499,3.919801863,1.627509077,-0.457572995,7.110309666,3.414810815,-0.697666039,6.585598568,3.126012901,-0.562037384
5.861934965,2.550796929,0.527608976,5.920649837,2.962875622,-0.477683039,11.56947985,6.120065819,-0.582285605,9.662107039,5.851689955,0.40171364
5.861936245,2.55080132,0.527596098,5.92062868,2.962860751,-0.477683692,11.56947581,6.120059546,-0.582286201,9.662115168,5.851699367,0.401715334
6.051531831,2.776257584,-0.587446752,6.037450057,2.825168901,-0.609284082,10.63773422,5.847394521,-0.421093376,10.3569601,6.308303079,0.348177114
3.872413572,1.451713992,0.487861438,4.006014887,1.441631278,-0.785830605,7.467278529,3.34707284,-0.766186684,6.593082521,3.241543523,-0.676709452
3.341600871,0.886856106,0.588019647,3.635617943,1.402324464,-0.800978849,6.03630638,2.271677508,-0.992590732,5.186709041,2.142193794,-0.594167694
4.461774423,2.260298986,0.821838875,4.576388284,2.240096796,0.544286896,9.719167671,4.429797128,-0.818250573,8.383247626,4.300520712,0.737469396
4.109323023,1.561223018,0.803473718,4.151128702,1.645087343,0.73110995,8.796588937,3.389815277,-0.962068133,6.416493623,3.005261421,0.553694237
3.494137067,0.979812279,0.829441951,3.834825212,1.265410734,-1.025430164,6.396218291,2.642412872,-0.927906606,5.085957494,2.259716249,-0.4979036
3.492181561,0.888688057,0.744861214,3.861822315,1.390510415,-0.839134229,6.253510572,2.587059397,-0.909659355,5.045908914,2.379277595,-0.520060711
3.30722319,0.987541787,0.818807123,3.565858097,1.333143074,-0.79215509,6.372523563,2.515262096,-0.873831581,5.665341938,2.286461044,-0.887999732
4.025150998,1.59727881,0.593660097,4.155735804,1.708767784,-0.357235545,7.629021387,3.698127527,-0.798320638,6.867829873,3.113765747,0.503332127
4.77653167,2.092929097,0.114745261,4.83627757,2.122217209,-0.480457952,8.905364813,4.604948552,-0.718884616,8.348834337,4.211554128,-0.075848862
3.331911682,0.93664955,0.522665043,3.507972247,1.215397189,-0.923596814,6.07609717,2.243652661,-0.942346057,5.380092767,2.229944672,-0.793900004
3.465393906,0.961556093,0.444485448,3.722451673,1.311689116,-0.969973434,6.222290618,2.474608571,-0.801697764,5.486566193,2.642761149,-0.483381887
3.717340037,1.412556835,0.805576776,4.077575383,1.591426593,-0.715587997,6.848017734,3.410389267,-0.607044193,6.828950811,3.33121992,0.487028897
3.917239222,1.223471657,0.928594037,4.230097458,1.708483106,-0.754408559,7.880338342,3.297055904,-0.940207466,6.070691247,2.963480674,0.552145957
5.408000544,2.358044934,-0.576002345,5.525273383,2.305969882,-0.669793013,9.51756078,5.041284529,-0.662161704,9.613464206,4.824433439,-0.654515663
6.675979056,3.374594814,0.629932229,6.693018756,3.679148479,0.702725025,13.6363124,7.244924571,-0.517405257,11.83374419,7.279333945,0.512151407
5.009319334,1.92098414,0.674962205,5.035835451,2.053344377,0.453597653,9.904405146,4.021211994,-0.942263228,8.988482789,4.272938117,-0.819263976
5.536899837,2.455686909,0.629750186,5.578358415,3.025516539,0.571556452,10.1838629,5.601407923,-0.441627336,9.988227058,5.742143407,-0.382728203
4.398730966,1.520976724,0.744615091,4.555312736,2.101367065,-0.454001254,8.103424834,3.758359615,-0.871978835,6.572365363,3.396141464,0.47210086
4.345357014,1.797235171,0.314930573,4.340022415,2.1132493,0.634673061,7.923422572,3.900188796,-0.735202804,7.358782504,3.988645708,0.363012765
4.311186786,1.719156073,-0.264905632,4.302964842,2.09415049,0.650617373,7.838064634,3.790115206,-0.783094097,6.994507611,3.844938593,0.461738418
4.4373195,2.136982416,0.521645696,4.431234636,2.17160612,0.5112688,9.400194947,4.384563008,-0.787201567,7.956485012,4.067961248,-0.249161084
4.41166979,1.33803427,-0.574042067,4.373017177,1.977286898,-0.070404838,7.69367061,3.540970375,-0.880499892,6.360317357,3.432308312,0.521619756
4.427306856,1.962014044,0.58085491,4.49165428,2.113979304,-0.396624761,8.474610822,4.353792395,-0.678166541,7.469137198,4.299930099,0.633797219
3.346507844,1.398644828,-0.601479557,3.3710218,1.589328796,-0.372417638,5.954208758,3.00694309,-0.743893044,5.145438035,2.734269364,-0.248224424
4.267566163,1.59723569,0.697485427,4.437628497,1.842477222,0.300895764,8.68591278,3.730856921,-0.595204841,7.433358773,3.624558167,-0.142163656
4.436372491,1.507207664,-0.587191652,4.596336863,1.776699905,-0.855328069,7.6115992,3.277861489,-0.645363543,7.024279398,3.366471176,-0.540720337
4.270421282,1.581728747,0.592596733,4.393924748,1.806202756,0.070227972,7.925346261,3.610708994,-0.479391197,7.491044351,3.664890569,-0.229415197
4.357462839,1.482986811,0.437636085,4.562204799,1.777019082,-0.833928393,7.828836499,3.427765213,-0.63305938,7.564920027,3.492219855,-0.600143381
4.774231103,2.132204613,-0.374068969,4.836464257,2.142413638,-0.593111827,9.491942563,4.277957896,-0.605427212,8.890609972,4.099480406,0.329660882
3.940983477,1.816666613,0.637678826,4.005244806,2.14907904,0.66411725,7.366488856,3.884736616,-0.601848063,7.34294801,3.645279102,-0.526334117
3.661325687,1.723717173,0.429251718,3.672495549,1.86357934,0.355550072,6.676032523,3.507419839,-0.568283616,6.203179709,3.486750329,0.448229251
4.689602172,1.726752987,0.649130037,4.875274386,2.210733398,0.492983078,8.529573882,4.188522338,-0.697900744,8.340211996,3.799683301,-0.755138465
5.545147943,1.984002446,0.589253172,5.735219493,2.707999266,-0.439068153,9.911292642,4.999999691,-0.794621751,8.273973232,4.658265213,0.682733715
4.170598993,1.617060226,-0.233045054,4.216872757,1.876025623,-0.57166739,7.549646454,3.448165605,-0.809111215,7.391072054,3.424016461,-0.800530341
4.123554479,1.593919733,-0.551560447,4.161593995,1.660942631,-0.707209647,7.53221023,3.588183504,-0.590874977,7.272277989,3.457843916,-0.665505429
4.564666804,2.076614959,-0.409448644,4.669497624,2.007421305,-0.667590586,8.457795114,4.518150252,-0.588376122,7.899225643,4.306221614,-0.522366425
4.894627921,2.4796901,0.52450684,4.875961945,2.68798023,0.455169727,8.996247826,5.183928292,0.409788201,8.957359831,5.202251695,-0.329175093
5.416017622,2.19158967,0.616616879,5.412744779,2.68976445,0.490100893,9.77714368,5.087505957,-0.635299804,9.676408508,5.137132207,-0.616231954
5.818066227,2.869939533,0.432103426,5.844187346,2.85192687,0.286577979,10.76305006,6.209663413,0.26005537,10.67890729,5.965426908,-0.35400406
3.756543763,1.929712054,0.574524701,3.826614499,2.06224479,0.570892703,7.397857147,3.59593864,-0.512518023,6.785087433,3.864298379,-0.240409187
3.765661703,1.855617433,0.453608982,3.772643086,1.979290266,0.443224006,7.387046924,3.43825164,-0.700828765,6.677264904,3.797387832,-0.33918244
4.240900153,2.180691382,0.347880176,4.327137428,2.156778975,0.20587828,7.77302104,4.481115382,0.239170653,7.610651487,4.301902462,-0.211938162
4.177853275,1.755423928,-0.305177554,4.216702553,1.807832634,-0.721247867,8.489335927,3.954126391,-0.868706175,6.988838447,3.370125914,0.40067859
4.977112199,2.543415736,0.635827589,5.036545946,2.543587645,0.468688734,10.02474477,5.262889109,-0.690163625,8.623306939,5.172151984,0.678610718
4.671430904,2.228576676,-0.302246411,4.650318036,2.37679683,0.397277642,8.613281652,4.585470971,-0.55625229,8.319400605,4.691642611,0.456216284
4.553463263,2.380721806,0.595790857,4.614837267,2.427997862,0.511569716,9.135718989,4.735000602,0.233616866,9.149826611,4.491704232,-0.547208535
4.352775322,1.839270539,-0.287240806,4.382301068,2.06315741,-0.668199433,8.414086434,3.644141203,-0.841503803,6.747112491,3.890468223,0.743486408
3.59042667,1.155558233,-0.615320813,3.645217568,1.695234205,-0.371120153,5.914216333,2.867121118,-0.788150195,5.593793141,2.843969037,-0.639117889
4.456166472,2.289502985,0.5824443,4.450619827,2.346228012,0.531373383,8.917082453,4.661749373,-0.693138892,7.744089828,4.540110086,0.655510432
5.016334487,2.543094285,0.548528142,5.006528825,2.62198085,0.388123211,10.00348973,5.245129901,-0.725141457,8.938364094,5.158377865,0.629812728
4.61323596,2.110768693,0.531501711,4.625978612,2.290549475,-0.2648256,9.069723927,4.611099551,-0.774462928,7.363671986,4.528056663,0.727887013
4.655438895,2.373962208,0.590536727,4.626710496,2.499930661,0.626503961,9.701224154,4.935260549,-0.708366261,8.053209311,4.766340734,0.662598536
4.157426085,1.729652324,-0.40209765,4.197567174,1.978565623,-0.508054308,7.406066987,3.837187113,-0.539894253,6.65169199,3.690243039,0.365467963
4.607745171,2.321395593,0.481420504,4.583479996,2.420982228,0.516145522,8.897468507,4.736335692,-0.645919108,8.018493145,4.705706302,0.634450075
3.976539461,1.466232132,0.623724171,4.033681765,1.888317639,0.562842649,7.572501402,3.306372174,-0.827863837,7.261043089,3.300458732,-0.865314473
4.871473788,2.378696188,-0.334122806,4.922857971,2.371874178,-0.59863648,9.467686176,4.493458585,-0.874177616,8.456075541,4.174011104,-0.627947502
3.983377268,1.875377479,-0.529026228,3.984898445,1.980089023,-0.503458394,7.338951754,3.839354945,-0.717172175,6.869551514,3.790372585,-0.224497917
5.554466218,2.774476137,0.668319089,5.681307113,2.901573544,0.493630939,11.19122743,5.978237877,-0.542586517,10.05615802,5.945644279,0.520645846
3.87443856,1.92036485,0.48950418,3.901211982,2.101685282,0.719984144,7.335376477,3.954109293,-0.57535835,6.42076847,3.729698774,0.611212121
3.62949804,1.48365924,0.634917234,3.793229295,1.693161007,-0.780234012,6.950901181,3.359512153,-0.831956512,5.163488447,2.983823438,0.83100517
3.530026107,1.776929309,0.417953332,3.575266196,1.792034328,-0.474269547,6.387829911,3.636663148,-0.329876592,6.317378433,3.631156445,0.17405458
3.469511007,1.380529279,0.54327171,3.492028996,1.638799388,-0.51441024,6.262880373,3.214260161,-0.606654341,5.973188949,3.128504385,-0.394797376
3.581274291,1.3365662,-0.271897521,3.675191474,1.646424857,-0.552826092,6.370294218,3.156282918,-0.635523147,6.081569785,3.032965938,-0.564278047
3.634969041,1.362368625,-0.398369719,3.666349617,1.496152589,-0.800915844,7.166107637,2.894515499,-0.903264363,5.494567498,2.618743713,-0.493181938
4.937908426,1.988286918,0.235508608,4.988875197,2.260689293,-0.42109781,9.381581265,4.701212216,-0.741276321,7.494803081,4.168744547,0.513973606
4.612197179,1.856232652,0.630144572,4.601655568,2.020434954,-0.446696098,8.944258701,4.393423437,-0.707544242,7.668346312,4.170549955,0.50863271
5.227291419,2.649604297,0.664951616,5.209021094,3.073508739,0.690746706,10.14587014,5.586836447,-0.545994443,9.411466925,5.55617118,0.538976989
4.00086944,1.609183206,-0.546442661,4.010451202,1.62422919,-0.741294414,7.726460486,3.560908239,-0.874322251,5.571910258,3.023305197,0.740285324
4.1303151,1.608118591,-0.645173321,4.160809433,1.709580647,-0.647960733,7.653969398,3.39368636,-0.74747854,7.612333286,3.434382103,-0.683574389
5.496401858,2.661810456,0.691527685,5.673552147,2.870721507,0.56741019,10.91505251,5.87925686,-0.548593152,9.938635396,5.811043249,0.485763955
4.379237714,1.722352118,0.4729663,4.399361795,1.921255293,-0.557447545,8.217892397,3.831031278,-0.841316719,8.235882383,3.585038503,-0.872371904
4.69477512,2.063207895,-0.573675232,4.666130166,2.207013876,-0.450694884,8.907764297,4.316336167,-0.756594091,7.930042608,3.727913942,-0.565999593
4.347419863,1.571063968,-0.733370482,4.377517699,1.866641881,-0.77801697,7.539500344,3.105311904,-0.892891456,7.082691391,3.166788826,-0.656989424
3.889248175,1.76727669,-0.443815139,3.894532294,1.951193628,-0.459408996,6.91821943,3.939442086,-0.311917788,6.662779541,3.790915308,0.115122509
4.986756344,1.982624509,0.489094577,5.066255537,2.214678115,-0.569476148,9.463359394,4.414061453,-0.75992186,8.747663334,4.132437519,-0.329210082
4.322204966,1.495318123,-0.485412145,4.370159051,1.641792476,-0.862164287,8.427839462,3.379195543,-0.929293373,5.97905893,3.067200238,0.723859243
3.844919221,1.207734735,0.544559234,4.019107995,1.505614268,-0.715961607,7.395860485,2.822115343,-0.964859662,5.070754242,2.447595819,0.622156826
4.929235746,2.355082818,0.608605467,5.105878467,2.362095462,0.658781792,9.691484106,5.002640515,-0.555926315,9.005311572,4.95843269,0.42058252
4.908512598,2.356217349,0.574657248,5.038504395,2.462941357,0.472272281,9.692153446,4.959722819,-0.551100194,8.992337746,5.001827702,0.454065142
4.711235819,1.329262734,0.567180271,4.972751224,2.37990601,-0.237918261,7.932565406,3.573837183,-0.874250575,7.303439865,3.626586147,0.380510464
5.316171476,2.744947165,0.50303226,5.31305051,2.823890619,0.50072634,10.0668804,5.54009555,-0.443238812,9.897036149,5.663721812,0.314557931
4.968643989,2.106270028,0.447987257,5.009530731,2.480243693,0.264778917,9.306216413,4.833296617,-0.673875489,8.481939392,4.513033439,-0.414307903
4.72411568,2.190915491,0.700569885,4.956841934,2.33908005,0.55553507,8.936367058,4.723933221,-0.495615924,8.89841158,4.646836015,-0.484579115
4.601318913,1.727656897,0.766750115,4.689968378,2.26494953,0.534577237,8.410461268,4.021612982,-0.785747671,8.183694301,4.057252531,-0.704979688
3.567152924,1.605228793,-0.282985036,3.604323372,1.732588408,0.480295137,6.849598422,3.321742268,-0.827448805,6.288394954,2.860970415,-0.748230436
3.451775716,1.722991285,0.485773014,3.471382843,1.750414965,-0.274748512,6.351774495,3.540364514,-0.510073995,6.431257211,3.367437843,0.462756118
2.938335794,1.434635782,0.557071342,2.933343029,1.532117488,0.645269806,6.048889717,2.881960726,-0.750789573,4.922169354,2.878563918,0.35405431
4.053619548,1.871921654,-0.403568532,4.066977143,1.913807883,-0.452759823,7.379131419,3.983896939,-0.193427662,7.028919912,3.844301685,-0.281012371
4.111687872,1.94162247,0.058872867,4.12223176,1.976143245,-0.384673434,7.704809943,3.751607565,-0.509336661,7.437651831,4.076847781,0.3758405
2.515830964,0.996021552,-0.761828925,2.524245698,1.064054873,-0.888424999,4.247938537,2.210254488,-0.75209232,3.734214198,1.980807694,-0.377748944
4.291238115,1.958340214,0.529301797,4.281090063,2.075626442,0.413227928,8.669963738,4.104497333,-0.619178837,7.790111201,4.202100166,0.216903556
4.073969262,2.043186646,0.599806642,4.103542058,2.045777989,0.441785082,8.58400214,4.245338356,-0.639123515,7.292182206,4.101635092,0.571214511
4.074553106,2.03929629,0.593614776,4.104182946,2.043844428,0.430173142,8.540749419,4.247185674,-0.640056601,7.289611671,4.09990515,0.569819611
3.895973542,1.90020009,0.51828698,3.961261559,1.941407134,0.336574477,7.443314319,3.906630742,-0.563638351,6.987705226,3.858059616,0.491363247
4.645911983,2.386916702,0.661255868,4.613420333,2.497202696,0.711914538,9.832901919,4.90451216,-0.683593483,8.210824462,4.806496865,0.652463437
3.571660533,1.624000066,-0.231706828,3.564943426,1.750731435,-0.28577482,6.414113684,3.473309096,-0.337485241,6.396085923,3.282790171,-0.555651724
4.532255912,1.920571439,0.42104208,4.521064969,2.217380103,-0.26360969,8.285044693,4.198764408,-0.592604938,8.08993283,4.39370825,-0.199326016
4.140923473,1.664173584,-0.600420031,4.167657948,1.79001169,-0.714107709,7.360534565,3.301590321,-0.424049702,7.092400591,3.355366432,-0.501787254
4.011762546,1.700507414,0.847055406,4.041112412,1.928829894,0.734586611,8.39253776,3.561547478,-0.873100263,7.714915836,3.584348291,-0.490013169
4.149388244,1.818505512,0.624387136,4.198819453,1.89870946,0.130065918,8.347677868,3.646614991,-0.784280991,7.192576824,3.839768097,0.615780934
3.743003949,1.533430477,0.854336302,3.983338029,1.627963443,-0.563145098,7.279820449,3.35399586,-0.746008384,6.948363529,3.304674529,-0.586382636
3.749814869,1.141117744,0.355346651,3.956039043,1.650067,-0.745793029,6.697932417,2.805703258,-0.925760241,5.92837237,2.688679922,-0.682229818
4.133888513,1.319735328,0.642185753,4.216671396,1.896701255,-0.185764634,7.478404139,3.290930913,-0.92822199,6.71877863,3.153360731,-0.804004382
4.436228365,1.793319055,0.60195936,4.367052628,2.21291506,0.697162136,8.4445705,3.990683941,-0.903305868,7.052636128,3.828826773,0.074552698
4.423399302,1.934953246,0.652970188,4.507624116,2.223244554,-0.390898236,8.532396383,4.281725956,-0.774539964,7.477705194,3.976628468,0.583858676
3.984086684,1.816152102,0.65360667,4.016111327,1.946704152,0.641551708,7.914483248,3.884176232,-0.790781519,6.359679947,3.637103077,0.681448134
3.326176524,1.124450769,-0.709955486,3.345262739,1.378415576,-0.719898918,5.832007612,2.69802143,-0.782002134,5.029955771,2.414117676,-0.346712583
4.396991813,2.107196039,0.438034638,4.444019919,2.154297183,-0.346384153,8.15185922,4.537432649,-0.455429378,7.733137534,4.417344712,0.362542266
3.901042385,1.777541608,0.451471737,3.925488883,1.911298345,0.783328742,7.549309155,3.88431813,-0.715562485,6.096854947,3.606961064,0.751236428
3.842141952,1.71502047,0.692436005,3.889815524,1.86496585,0.811166747,7.760140684,3.779174973,-0.80690789,5.967498783,3.202995496,0.812502847
3.770693916,1.241507591,0.5976391,3.850601807,1.721057414,0.406877102,6.915364516,3.111339141,-0.882779924,6.454496534,2.988448456,-0.608924406
4.375332849,1.70954351,0.566367826,4.357191114,2.120227692,0.296285884,7.860031755,4.005946923,-0.678559556,7.34387808,3.899560656,0.331654203
4.748377796,2.32822271,-0.25927035,4.742746381,2.471041516,-0.398652165,8.763081294,4.985648973,-0.354591199,8.03376956,4.794806781,0.42891872
4.9808559,2.073340753,-0.713086586,5.046437198,2.206456534,-0.624379724,9.14341784,4.199523937,-0.782217565,7.560201247,3.977256973,0.655652139
3.938204585,1.632685056,-0.682598781,3.941563028,1.675417367,-0.688179105,7.215018255,3.582554242,-0.734203655,6.239365003,3.405271835,0.424571967
3.834398324,1.81968578,-0.39337164,3.824082999,1.962483838,-0.303270307,6.734922145,3.928560998,0.379488682,6.734509093,3.819472894,-0.42225125
4.844477143,2.453961466,0.453796716,4.863145739,2.526183101,0.229189299,9.210133151,5.061438834,-0.475984402,9.066256135,5.159229473,0.493241656
4.687152959,2.33323728,-0.256002041,4.698664269,2.329544504,-0.48139378,9.064475873,4.862003867,-0.603372184,7.721499628,4.696920138,0.682750033
5.178320988,2.436191269,-0.2308158,5.148045233,2.788056809,0.567333365,9.708146667,5.424617875,-0.628886726,8.376722481,5.3086475,0.633754585
3.702753917,1.879738515,0.600017685,3.851673004,1.880378376,-0.515738095,7.493128557,3.802458099,-0.726255376,6.593505172,3.561352258,0.67069817
4.801583836,2.046540316,-0.63766509,4.789500256,2.217245089,-0.643146772,8.957194347,4.676752892,0.27619859,8.323385895,4.613908072,-0.397616467
4.34229671,1.703346189,-0.43485134,4.284163952,1.987459985,0.413694034,7.83365257,3.95007299,-0.766041249,7.108875023,3.767674103,-0.365143593
4.179046528,1.423794888,-0.601162215,4.158970214,1.847731986,-0.428248785,7.329861575,3.541079542,-0.790702756,6.585866959,3.452898352,-0.353848787
3.961632889,1.507126582,-0.622699441,3.947339254,1.670323779,-0.695127564,6.832023707,3.295393606,-0.760039305,6.627847889,3.441306705,-0.514859477
3.864733263,1.329617228,-0.750816939,3.853187839,1.574189179,-0.78092245,6.325293197,3.012037381,-0.663996871,6.147324068,3.174568462,-0.422972876
4.267477473,1.842028947,-0.565833803,4.353856213,1.93477082,-0.624229733,8.155044168,3.791125905,-0.630745597,7.454999262,3.691887726,-0.59388895
4.236885499,2.23728561,0.660108869,4.401944722,2.228603286,0.540249553,8.837737914,4.521083305,-0.432545764,7.809731215,4.382293901,0.518058589
3.804584851,1.612689674,-0.592538193,3.823188055,1.668482731,-0.643796271,7.116142916,3.282762149,-0.703498982,7.035283916,3.202708124,-0.682878546
4.611016367,2.052593047,-0.6488654,4.595159461,2.112263771,-0.66812973,8.375507644,4.449827836,-0.643805267,7.472540215,4.455108218,0.636990665
3.619786591,1.014053146,0.454879647,3.864139926,1.257949495,-0.933599738,6.681308801,2.692003606,-0.892493015,6.074606023,2.558798249,-0.787670894
4.623540932,1.803448121,-0.49167229,4.561874235,2.374893638,0.673444432,8.185878662,3.935808864,-0.866322724,7.067729499,4.071979475,0.561575504
4.473755031,1.661837466,0.320285249,4.413675564,2.156923043,0.466223187,7.890838559,3.965154386,-0.429598573,7.838456057,3.858002702,-0.794498539
3.560527752,1.384462951,-0.458642296,3.565758748,1.527166002,-0.53492217,6.671107948,3.115830388,-0.799769605,5.847968983,2.813994029,-0.464375387
3.688193674,1.596749769,0.417341009,3.687504135,1.684873283,-0.353561272,6.808896013,3.444727795,-0.571525011,6.701337571,3.342765909,-0.517281671
3.324782655,1.626108232,0.547172713,3.356760317,1.648079466,-0.21424458,6.132169931,3.339725686,-0.538727001,6.159552416,3.154983143,0.414571742
3.533172431,1.491879397,-0.560196366,3.556272595,1.59813014,-0.562622301,6.318644789,3.13256142,-0.765898986,6.346724775,2.836167133,-0.740814974
5.213725752,2.485486492,0.495794401,5.190275977,2.560056084,0.442649301,9.933623076,5.374918562,-0.510384785,9.638180218,5.294458882,-0.394504209
5.398661367,2.528667801,0.582248247,5.501489943,2.712433154,0.504620327,10.02009821,5.653300444,-0.292070215,9.924349634,5.436216454,-0.339296311
3.571083271,1.127596568,0.597929444,3.744524345,1.622628015,0.598722449,6.626418086,2.763260689,-0.677810966,6.296042981,2.863392193,-0.577314035
3.868818289,1.192378994,0.537543,3.988287604,1.628231588,-0.713163393,7.305993495,2.964177127,-0.82253014,6.496675291,3.008715157,-0.576892954
3.353486031,0.938652885,-0.570632411,3.444817783,1.205804674,-0.908903351,5.791572908,2.360633803,-0.83321598,5.452046069,2.324924626,-0.813388188
3.549675819,1.022895872,-0.501004886,3.607748501,1.356273268,-0.758920245,5.986009556,2.459234558,-0.869304543,5.566517615,2.33895178,-0.841519454
4.063246462,1.768847044,0.470994818,4.041934488,2.046312197,0.273926127,7.573949869,3.696502514,-0.698055582,7.324141819,3.885669103,-0.595610772
4.205166444,2.23012662,0.595665505,4.228942678,2.297215278,0.507975133,7.983177686,4.436944069,-0.412861377,7.763767402,4.440028083,0.439751952
3.015601282,1.111806172,-0.739664406,3.040950395,1.326425989,-0.693430839,5.080241916,2.36195492,-0.860886207,4.599066151,2.322987988,-0.586667086
3.465611484,1.616783595,0.430453878,3.489244749,1.730954475,0.549083077,6.629043722,2.998060817,-0.624551696,6.309817635,3.164129272,-0.41417804
4.915499617,1.697218669,0.552499473,5.018629844,2.086389781,0.544279295,9.268817009,3.418021666,-0.992890836,7.392394661,3.600864526,0.520582067
6.606250189,3.101781691,0.714249398,6.802543714,3.583447942,0.463257136,12.92216572,6.886398291,-0.609145203,10.89943363,6.715770244,0.54787796
6.197823745,2.456491995,0.590399591,6.250477861,3.294522224,0.605428097,11.31506552,6.073651872,0.345273186,10.82077053,5.943933156,-0.574713684
3.378948894,1.336692729,-0.66072277,3.415001757,1.354799578,-0.825653948,6.03640337,2.862759085,-0.83780719,5.115825914,2.540641905,0.634043932
3.359520631,1.30433201,-0.690378638,3.391842064,1.331831417,-0.84447199,5.977329847,2.813779748,-0.848679455,5.107759432,2.520716754,0.616671525
4.629487278,1.755010005,-0.738591072,4.64937212,1.840514778,-0.706506866,8.171308367,3.992802607,-0.523512045,8.242757065,3.467699021,-0.832539723
4.704105937,1.806810813,-0.619716135,4.878932043,1.804700451,-0.89892442,8.836892511,3.887658194,-0.823303719,7.427903332,3.841925995,0.655584182
4.988189823,2.008319555,-0.801045606,5.036950902,2.090682917,-0.777041885,9.111244082,4.18442355,-0.741710071,7.638131917,3.857341171,0.57606156
4.15991265,1.597958296,-0.539262098,4.245981863,1.755914281,-0.79862585,7.604928389,3.197236244,-0.844277745,7.097298605,3.546800977,-0.583952875
4.612716074,1.937370392,0.424587245,4.613460238,2.191429811,0.510308851,9.358081548,4.288434649,-0.752608345,8.148151874,3.930332648,-0.339056658
3.093692754,1.31591787,-0.173675971,3.143342464,1.422453001,-0.427328956,5.895147642,2.818975925,-0.676798908,5.333934599,2.765410645,-0.513627306
2.894357921,1.239173249,-0.658188017,2.897082689,1.251065427,-0.761212997,5.425838419,2.5626198,-0.749804827,4.970955877,2.485574361,-0.48695809
3.383594843,1.434752265,-0.562915713,3.468418726,1.529218179,-0.482484403,6.358999247,2.933590287,-0.76765107,5.519889523,2.743934111,-0.649721142
3.750236134,1.238664533,0.467529924,3.921079942,1.571837492,-0.474468357,7.336923463,2.745918407,-0.78485654,6.115832003,2.640216997,-0.561275149
3.179910425,1.341901121,-0.612874178,3.234142513,1.32731632,-0.817239809,5.633449079,2.931931073,-0.718787745,5.078104857,2.526329104,0.480879927
5.198711451,2.460850094,0.273997565,5.166535166,2.821086663,0.603355355,9.773586214,5.430412874,-0.627424705,8.393117972,5.335829188,0.643730757
4.871449315,2.176501926,0.612622718,4.901604117,2.548643163,0.3786531,9.049443897,4.89142029,-0.557439043,8.583694398,4.734777751,-0.392222014
3.959331921,1.745021971,-0.516171773,3.956869924,1.772521166,-0.569159073,7.565465159,3.695076379,-0.509436221,7.172139838,3.614880274,-0.531784415
3.728179274,1.6116439,-0.584176953,3.741768141,1.657770846,-0.586223642,7.080248463,3.379959489,-0.625995173,6.694289626,3.257008693,-0.559858038
4.062956756,1.768897297,-0.457452119,4.058963189,1.830978467,-0.533089108,7.781536653,3.810066299,-0.498966445,7.197220483,3.71624003,-0.507199636
4.198019356,1.702633243,-0.602975628,4.214673662,1.826986095,-0.700461266,7.747420845,3.595997803,-0.644393772,7.052547296,3.672188164,-0.342587632
3.996947546,1.419264271,-0.539520864,4.009496467,1.598966725,-0.75911005,7.598947451,3.299980587,-0.764624974,6.505960353,3.153240496,-0.533691699
4.13050946,1.480853824,-0.282094868,4.132559762,1.735110759,-0.636589387,7.773300458,3.518896063,-0.645228302,7.295008981,3.258892383,-0.559769008
4.33865457,1.85342464,-0.549424499,4.320050584,1.986856254,-0.374270317,8.364294951,3.705751667,-0.912221431,7.233222447,3.571187199,-0.573813646
4.633871672,2.090099111,-0.464473128,4.616016837,2.238746887,-0.469039183,8.425324874,4.636361695,0.168310072,8.559762482,4.382470855,-0.424804886
4.486456202,2.175814044,0.33901867,4.468060049,2.283012086,0.348076954,8.395227369,4.422891678,-0.635738859,7.8771072,4.48796167,0.536002785
4.527592827,2.238032284,0.323448416,4.50748025,2.327604226,0.386945583,8.519079025,4.486234185,-0.641486624,7.933659119,4.566988387,0.566703343
4.388709796,2.001493841,-0.310325455,4.374415486,2.153515153,-0.438730898,7.772019902,4.324561003,0.40833765,7.688484789,3.95545717,-0.592036197
4.490922878,2.176324341,0.523281662,4.48548591,2.309768503,0.38701128,8.354686827,4.623205023,-0.453886627,8.34895795,4.410348419,-0.338473951
4.204196233,1.931449946,0.457770551,4.31707056,1.961826679,-0.646526511,8.04427617,4.144159233,-0.715426914,6.685433678,3.940057622,0.684699025
3.429222423,1.206896469,0.716797665,3.562614052,1.413958784,-0.777957679,6.514057198,2.83654101,-0.872375846,5.717038746,2.668117885,-0.564484005
3.487182171,1.215402383,0.750163083,3.631921398,1.435091892,-0.835423604,6.666939874,2.897409905,-0.895602987,5.729411083,2.671840134,-0.567395863
3.73053713,1.162835156,-0.436879205,3.903291933,1.498115737,-0.805902547,6.59951522,2.910910199,-0.845198419,5.801115157,2.775373967,-0.453911413
3.842241461,1.779597666,-0.320310952,3.915947588,1.744209863,-0.544282169,7.048526218,3.803950087,-0.459037766,6.772825149,3.516351884,-0.502196796
3.815187797,1.500121101,0.737143309,3.978332718,1.651940967,-0.715491581,7.394001481,3.490858311,-0.805813531,6.175134684,3.214206268,0.596807486
4.208152027,1.689227741,0.809738538,4.244712403,1.942747802,0.546994884,8.451517862,3.971095872,-0.85192411,6.710800243,3.331570676,0.678688062
3.633346689,1.086356883,0.463702351,3.845454332,1.366790059,-0.921991552,6.657779512,2.737296548,-0.944453764,5.072885743,2.350588249,0.537041389
4.666539672,1.80910345,0.494585423,4.78617564,2.316710403,-0.351276119,8.63299102,4.294170199,-0.716705898,7.525544254,4.192282799,0.553626008
4.722139516,1.953469385,0.58224968,4.883187832,2.480585712,0.837350313,8.918317605,4.564714959,-0.678764947,7.552688949,4.293192093,0.614106118
4.128118604,1.779898884,0.510006172,4.211341497,1.955521805,-0.572720606,7.367181361,4.033587093,-0.554353395,7.447256586,3.684387509,-0.670443196
3.857601547,1.859285863,0.573906006,3.884760181,1.919765607,-0.377823463,8.076140398,3.949323433,-0.643410101,6.456769694,3.692343621,0.576911832
5.288871943,2.257020658,0.692015391,5.316163495,2.615847394,0.297851263,9.837277502,5.28067736,-0.57699025,9.40728931,5.050396737,-0.511804655
4.344965099,1.491061853,-0.584387534,4.388627954,1.949962629,-0.510196705,7.533049777,3.442553831,-0.809172615,6.876780367,3.210886916,-0.631549629
4.469887334,1.449265251,-0.620713729,4.506000653,1.981807404,-0.597968396,7.538520781,3.481348311,-0.773007636,7.004672858,3.36078415,-0.534713916
4.47381507,2.015045666,0.437316111,4.474652012,2.066106551,-0.354729688,8.606818071,4.361103757,-0.704326419,7.553519213,4.182747757,0.669395276
6.665728478,3.185699358,0.678526467,6.711691336,3.394307834,0.44687192,13.17072808,6.699224461,-0.637218231,11.85860454,7.014598226,0.491963253
6.299856741,2.877523972,0.744526099,6.247679555,3.536498795,0.792171225,12.73847102,6.262479073,-0.713946653,11.09116596,6.171092631,0.274468548
2.733626111,1.146055107,-0.214030246,2.752201847,1.278517279,-0.350259078,5.015135954,2.319999967,-0.725919987,4.557859279,2.458250577,-0.368578782
3.480591261,1.568524004,-0.429639513,3.559414029,1.64932559,-0.574382378,6.250100228,3.214828778,-0.678401749,5.925134581,3.093117473,-0.435947366
3.384869993,1.514184284,-0.417476753,3.475963206,1.631336844,-0.504734832,6.021584011,3.098288236,-0.696745425,5.663697625,2.942200518,-0.35037217
2.853167437,1.228429025,-0.43997701,2.850799919,1.300980794,-0.528571824,5.236831947,2.441331994,-0.679537714,4.932571889,2.629222646,-0.472554954
3.039068675,1.307571122,-0.57170542,3.028659569,1.344169888,-0.594800925,5.392712884,2.723511544,-0.667563693,5.167413952,2.728836653,-0.386752294
3.987629864,1.750270944,0.537239405,3.978229489,1.917257096,0.745203881,7.895812614,3.787548022,-0.830370912,7.232987637,3.06325524,-0.775167958
4.211469236,1.972181008,0.467903888,4.207880221,2.042150603,0.321822617,8.32873402,4.106020268,-0.580649668,7.633273093,4.166546178,0.363097382
4.299204836,2.061279711,0.502041224,4.302657346,2.150567985,0.467803088,8.703805197,4.255730944,-0.667893064,7.667310343,4.220945993,0.42977491
3.938483858,1.176344525,0.045268961,4.145734061,1.355384953,-0.863363901,7.034808698,3.154048323,-0.678373126,6.761810725,2.728237279,-0.748794756
3.757272949,0.938998967,0.69994134,4.042675466,1.531011564,-0.840613598,6.593268372,2.777316497,-0.743113181,6.102301961,2.806451541,-0.618975858
3.666316457,1.38813521,0.30035354,3.739835073,1.752933649,-0.597532979,6.553571988,3.328466962,-0.666882427,5.729283117,3.119396046,0.297608279
4.108740213,1.910671623,-0.389354752,4.162490358,1.910229887,-0.394927266,7.487648659,3.959547642,-0.498506075,7.061098704,3.991003113,0.514448471
4.137659611,1.948727363,0.527318862,4.184076862,2.06309673,0.664147486,8.108897682,4.148504391,-0.69637981,6.705888687,3.958751411,0.701114949
5.215917627,2.515293042,0.661887834,5.122224762,2.805874822,0.734327608,10.49638255,5.282310452,-0.811818032,8.756045705,4.90884262,0.608784981
5.066355604,1.903433336,0.731423821,5.04545834,2.546732911,0.503259262,9.356029001,4.567739139,-0.868029611,9.143677194,4.371468139,-0.585365544
4.080142999,1.394717786,0.575609927,4.319781967,1.561095707,-0.716494438,8.024011356,3.366688778,-0.821924978,6.263613073,3.059490128,0.452531038
4.601802795,2.136553088,-0.277025707,4.607861261,2.149707079,-0.313061362,8.966416574,4.540213302,0.399770647,8.335493139,4.495392401,-0.500727433
5.096302509,2.213116167,0.579648786,5.077850113,2.539443653,0.720056186,10.05724001,4.829157396,-0.754861837,9.048776364,4.709389068,-0.283369006
4.916583881,2.344520159,0.855625478,5.074908814,2.466996654,0.586827785,10.27600197,5.017403126,-0.677996067,8.831335832,4.733294276,0.615893835
2.802574833,1.104604052,-0.811593481,2.806679892,1.148924382,-0.84876832,4.812883297,2.277574193,-0.705914217,4.564904123,2.306841392,-0.691363288
2.754970027,1.078080587,-0.800546716,2.760424407,1.13921829,-0.830934299,4.752194588,2.212348098,-0.747127418,4.433089968,2.226147394,-0.69798197
